[  
  { weekName: "Saturday", home: "Mohun Bagan", away: "Kerala Blasters", homeLogo: "https://raw.githubusercontent.com/RS-Creation/Indian-Super-League/refs/heads/main/img/club/logo/Mohun%20Bagan.png", awayLogo: "https://raw.githubusercontent.com/RS-Creation/Indian-Super-League/refs/heads/main/img/club/logo/Kerala%20Blasters.png", score:" VS ", date: "Feb 14", time: "05:00 PM", venue: "VYBK Stadium, Kolkata", link: "https://indian-super-league.github.io/Indian-Super-League/fixtures/matches/1-mbsg-vs-kbfc.html" },  
  { weekName: "Saturday", home: "Goa", away: "Inter Kashi", homeLogo: "https://raw.githubusercontent.com/RS-Creation/Indian-Super-League/refs/heads/main/img/club/logo/Goa.png", awayLogo: "https://raw.githubusercontent.com/RS-Creation/Indian-Super-League/refs/heads/main/img/club/logo/Inter%20Kashi.png", score:" VS ", date: "Feb 14", time: "07:30 PM", venue: "PJN Stadium, Fatorda", link: "https://indian-super-league.github.io/Indian-Super-League/fixtures/matches/2-gfc-vs-ikfc.html" },  
  { weekName: "Sunday", home: "Jamshedpur", away: "Mohammedan", homeLogo: "https://raw.githubusercontent.com/RS-Creation/Indian-Super-League/refs/heads/main/img/club/logo/Jamshedpur.png", awayLogo: "https://raw.githubusercontent.com/RS-Creation/Indian-Super-League/refs/heads/main/img/club/logo/Mohammedan.png", score:" VS ", date: "Feb 15", time: "05:00 PM", venue: "JRD TATA Complex, Jamshedpur", link: "https://indian-super-league.github.io/Indian-Super-League/fixtures/matches/3-jfc-vs-msc.html" },  
  { weekName: "Sunday", home: "Bengaluru", away: "Delhi", homeLogo: "https://raw.githubusercontent.com/RS-Creation/Indian-Super-League/refs/heads/main/img/club/logo/Bengaluru.png", awayLogo: "https://raw.githubusercontent.com/RS-Creation/Indian-Super-League/refs/heads/main/img/club/logo/Delhi.png", score:" VS ", date: "Feb 15", time: "07:30 PM", venue: "Sree Kanteerava Stadium, Bengaluru", link: "https://indian-super-league.github.io/Indian-Super-League/fixtures/matches/4-bfc-vs-scd.html" },  
  { weekName: "Monday", home: "Odisha", away: "Punjab", homeLogo: "https://raw.githubusercontent.com/RS-Creation/Indian-Super-League/refs/heads/main/img/club/logo/Odisha.png", awayLogo: "https://raw.githubusercontent.com/RS-Creation/Indian-Super-League/refs/heads/main/img/club/logo/Punjab.png", score:" VS ", date: "Feb 16", time: "05:00 PM", venue: "Kalinga Stadium, Bhubaneswar", link: "https://indian-super-league.github.io/Indian-Super-League/fixtures/matches/5-ofc-vs-pfc.html" },  
  { weekName: "Monday", home: "East Bengal", away: "North East", homeLogo: "https://raw.githubusercontent.com/RS-Creation/Indian-Super-League/refs/heads/main/img/club/logo/East%20Bengal.png", awayLogo: "https://raw.githubusercontent.com/RS-Creation/Indian-Super-League/refs/heads/main/img/club/logo/North%20East%20United.png", score:" VS ", date: "Feb 16", time: "07:30 PM", venue: "VYBK Stadium, Kolkata", link: "https://indian-super-league.github.io/Indian-Super-League/fixtures/matches/6-ebfc-vs-neufc.html" },  
  { weekName: "Thursday", home: "Mumbai City", away: "Chennaiyin", homeLogo: "https://raw.githubusercontent.com/RS-Creation/Indian-Super-League/refs/heads/main/img/club/logo/Mumbai%20City.png", awayLogo: "https://raw.githubusercontent.com/RS-Creation/Indian-Super-League/refs/heads/main/img/club/logo/Chennaiyin.png", score:" VS ", date: "Feb 19", time: "07:30 PM", venue: "Mumbai Football Arena, Mumbai", link: "https://indian-super-league.github.io/Indian-Super-League/fixtures/matches/7-mcfc-vs-cfc.html" },  
  { weekName: "Friday", home: "Goa", away: "Mohammedan", homeLogo: "https://raw.githubusercontent.com/RS-Creation/Indian-Super-League/refs/heads/main/img/club/logo/Goa.png", awayLogo: "https://raw.githubusercontent.com/RS-Creation/Indian-Super-League/refs/heads/main/img/club/logo/Mohammedan.png", score:" VS ", date: "Feb 20", time: "07:30 PM", venue: "PJN Stadium, Fatorda", link: "https://indian-super-league.github.io/Indian-Super-League/fixtures/matches/8-gfc-vs-msc.html" },  
  { weekName: "Saturday", home: "East Bengal", away: "Delhi", homeLogo: "https://raw.githubusercontent.com/RS-Creation/Indian-Super-League/refs/heads/main/img/club/logo/East%20Bengal.png", awayLogo: "https://raw.githubusercontent.com/RS-Creation/Indian-Super-League/refs/heads/main/img/club/logo/Delhi.png", score:" VS ", date: "Feb 21", time: "05:00 PM", venue: "VYBK Stadium, Kolkata", link: "https://indian-super-league.github.io/Indian-Super-League/fixtures/matches/9-ebfc-vs-scd.html" },  
  { weekName: "Saturday", home: "Jamshedpur", away: "Punjab", homeLogo: "https://raw.githubusercontent.com/RS-Creation/Indian-Super-League/refs/heads/main/img/club/logo/Jamshedpur.png", awayLogo: "https://raw.githubusercontent.com/RS-Creation/Indian-Super-League/refs/heads/main/img/club/logo/Punjab.png", score:" VS ", date: "Feb 21", time: "07:30 PM", venue: "JRD TATA Complex, Jamshedpur", link: "https://indian-super-league.github.io/Indian-Super-League/fixtures/matches/10-jfc-vs-pfc.html" },  
  { weekName: "Sunday", home: "Bengaluru", away: "North East", homeLogo: "https://raw.githubusercontent.com/RS-Creation/Indian-Super-League/refs/heads/main/img/club/logo/Bengaluru.png", awayLogo: "https://raw.githubusercontent.com/RS-Creation/Indian-Super-League/refs/heads/main/img/club/logo/North%20East%20United.png", score:" VS ", date: "Feb 22", time: "05:00 PM", venue: "Sree Kanteerava Stadium, Bengaluru", link: "https://indian-super-league.github.io/Indian-Super-League/fixtures/matches/11-bfc-vs-neufc.html" },  
  { weekName: "Sunday", home: "Kerala Blasters", away: "Mumbai City", homeLogo: "https://raw.githubusercontent.com/RS-Creation/Indian-Super-League/refs/heads/main/img/club/logo/Kerala%20Blasters.png", awayLogo: "https://raw.githubusercontent.com/RS-Creation/Indian-Super-League/refs/heads/main/img/club/logo/Mumbai%20City.png", score:" VS ", date: "Feb 22", time: "07:30 PM", venue: "EMS Stadium, Kozhikode", link: "https://indian-super-league.github.io/Indian-Super-League/fixtures/matches/12-kbfc-vs-mcfc.html" },  
  { weekName: "Monday", home: "Mohun Bagan", away: "Chennaiyin", homeLogo: "https://raw.githubusercontent.com/RS-Creation/Indian-Super-League/refs/heads/main/img/club/logo/Mohun%20Bagan.png", awayLogo: "https://raw.githubusercontent.com/RS-Creation/Indian-Super-League/refs/heads/main/img/club/logo/Chennaiyin.png", score:" VS ", date: "Feb 23", time: "07:30 PM", venue: "VYBK Stadium, Kolkata", link: "https://indian-super-league.github.io/Indian-Super-League/fixtures/matches/13-mbsg-vs-cfc.html" },  
  { weekName: "Tuesday", home: "Odisha", away: "Inter Kashi", homeLogo: "https://raw.githubusercontent.com/RS-Creation/Indian-Super-League/refs/heads/main/img/club/logo/Odisha.png", awayLogo: "https://raw.githubusercontent.com/RS-Creation/Indian-Super-League/refs/heads/main/img/club/logo/Inter%20Kashi.png", score:" VS ", date: "Feb 24", time: "07:30 PM", venue: "Kalinga Stadium, Bhubaneswar", link: "https://indian-super-league.github.io/Indian-Super-League/fixtures/matches/14-ofc-vs-ikfc.html" },  
  { weekName: "Thursday", home: "Goa", away: "Delhi", homeLogo: "https://raw.githubusercontent.com/RS-Creation/Indian-Super-League/refs/heads/main/img/club/logo/Goa.png", awayLogo: "https://raw.githubusercontent.com/RS-Creation/Indian-Super-League/refs/heads/main/img/club/logo/Delhi.png", score:" VS ", date: "Feb 26", time: "07:30 PM", venue: "PJN Stadium, Fatorda", link: "https://indian-super-league.github.io/Indian-Super-League/fixtures/matches/15-gfc-vs-scd.html" },  
  { weekName: "Friday", home: "East Bengal", away: "Jamshedpur", homeLogo: "https://raw.githubusercontent.com/RS-Creation/Indian-Super-League/refs/heads/main/img/club/logo/East%20Bengal.png", awayLogo: "https://raw.githubusercontent.com/RS-Creation/Indian-Super-League/refs/heads/main/img/club/logo/Jamshedpur.png", score:" VS ", date: "Feb 27", time: "05:00 PM", venue: "VYBK Stadium, Kolkata", link: "https://indian-super-league.github.io/Indian-Super-League/fixtures/matches/16-ebfc-vs-jfc.html" },  
  { weekName: "Friday", home: "Bengaluru", away: "Punjab", homeLogo: "https://raw.githubusercontent.com/RS-Creation/Indian-Super-League/refs/heads/main/img/club/logo/Bengaluru.png", awayLogo: "https://raw.githubusercontent.com/RS-Creation/Indian-Super-League/refs/heads/main/img/club/logo/Punjab.png", score:" VS ", date: "Feb 27", time: "07:30 PM", venue: "Sree Kanteerava Stadium, Bengaluru", link: "https://indian-super-league.github.io/Indian-Super-League/fixtures/matches/17-bfc-vs-pfc.html" },  
  { weekName: "Saturday", home: "Kerala Blasters", away: "Inter Kashi", homeLogo: "https://raw.githubusercontent.com/RS-Creation/Indian-Super-League/refs/heads/main/img/club/logo/Kerala%20Blasters.png", awayLogo: "https://raw.githubusercontent.com/RS-Creation/Indian-Super-League/refs/heads/main/img/club/logo/Inter%20Kashi.png", score:" VS ", date: "Feb 28", time: "05:00 PM", venue: "EMS Stadium, Kozhikode", link: "https://indian-super-league.github.io/Indian-Super-League/fixtures/matches/18-kbfc-vs-ikfc.html" },  
  { weekName: "Saturday", home: "Mohammedan", away: "Mohun Bagan", homeLogo: "https://raw.githubusercontent.com/RS-Creation/Indian-Super-League/refs/heads/main/img/club/logo/Mohammedan.png", awayLogo: "https://raw.githubusercontent.com/RS-Creation/Indian-Super-League/refs/heads/main/img/club/logo/Mohun%20Bagan.png", score:" VS ", date: "Feb 28", time: "07:30 PM", venue: "JRD TATA Complex, Jamshedpur", link: "https://indian-super-league.github.io/Indian-Super-League/fixtures/matches/19-msc-vs-mbsg.html" },  
  { weekName: "Sunday", home: "Odisha", away: "Chennaiyin", homeLogo: "https://raw.githubusercontent.com/RS-Creation/Indian-Super-League/refs/heads/main/img/club/logo/Odisha.png", awayLogo: "https://raw.githubusercontent.com/RS-Creation/Indian-Super-League/refs/heads/main/img/club/logo/Chennaiyin.png", score:" VS ", date: "Mar 1", time: "05:00 PM", venue: "Kalinga Stadium, Bhubaneswar", link: "https://indian-super-league.github.io/Indian-Super-League/fixtures/matches/20-ofc-vs-cfc.html" },  
  { weekName: "Sunday", home: "Mumbai City", away: "North East", homeLogo: "https://raw.githubusercontent.com/RS-Creation/Indian-Super-League/refs/heads/main/img/club/logo/Mumbai%20City.png", awayLogo: "https://raw.githubusercontent.com/RS-Creation/Indian-Super-League/refs/heads/main/img/club/logo/North%20East%20United.png", score:" VS ", date: "Mar 1", time: "07:30 PM", venue: "Mumbai Football Arena, Mumbai", link: "https://indian-super-league.github.io/Indian-Super-League/fixtures/matches/21-mcfc-vs-neufc.html" },  
  { weekName: "Thursday", home: "East Bengal", away: "Goa", homeLogo: "https://raw.githubusercontent.com/RS-Creation/Indian-Super-League/refs/heads/main/img/club/logo/East%20Bengal.png", awayLogo: "https://raw.githubusercontent.com/RS-Creation/Indian-Super-League/refs/heads/main/img/club/logo/Goa.png", score:" VS ", date: "Mar 5", time: "05:00 PM", venue: "VYBK Stadium, Kolkata", link: "https://indian-super-league.github.io/Indian-Super-League/fixtures/matches/22-ebfc-vs-gfc.html" },  
  { weekName: "Friday", home: "Jamshedpur", away: "Inter Kashi", homeLogo: "https://raw.githubusercontent.com/RS-Creation/Indian-Super-League/refs/heads/main/img/club/logo/Jamshedpur.png", awayLogo: "https://raw.githubusercontent.com/RS-Creation/Indian-Super-League/refs/heads/main/img/club/logo/Inter%20Kashi.png", score:" VS ", date: "Mar 6", time: "07:30 PM", venue: "JRD TATA Complex, Jamshedpur", link: "https://indian-super-league.github.io/Indian-Super-League/fixtures/matches/23-jfc-vs-ikfc.html" },  
  { weekName: "Friday", home: "Odisha", away: "Mohun Bagan", homeLogo: "https://raw.githubusercontent.com/RS-Creation/Indian-Super-League/refs/heads/main/img/club/logo/Odisha.png", awayLogo: "https://raw.githubusercontent.com/RS-Creation/Indian-Super-League/refs/heads/main/img/club/logo/Mohun%20Bagan.png", score:" VS ", date: "Mar 6", time: "05:00 PM", venue: "Kalinga Stadium, Bhubaneswar", link: "https://indian-super-league.github.io/Indian-Super-League/fixtures/matches/24-ofc-vs-mbsg.html" },  
  { weekName: "Saturday", home: "Bengaluru", away: "Mohammedan", homeLogo: "https://raw.githubusercontent.com/RS-Creation/Indian-Super-League/refs/heads/main/img/club/logo/Bengaluru.png", awayLogo: "https://raw.githubusercontent.com/RS-Creation/Indian-Super-League/refs/heads/main/img/club/logo/Mohammedan.png", score:" VS ", date: "Mar 7", time: "07:30 PM", venue: "Sree Kanteerava Stadium, Bengaluru", link: "https://indian-super-league.github.io/Indian-Super-League/fixtures/matches/25-bfc-vs-msc.html" },  
  { weekName: "Saturday", home: "Kerala Blasters", away: "Chennaiyin", homeLogo: "https://raw.githubusercontent.com/RS-Creation/Indian-Super-League/refs/heads/main/img/club/logo/Kerala%20Blasters.png", awayLogo: "https://raw.githubusercontent.com/RS-Creation/Indian-Super-League/refs/heads/main/img/club/logo/Chennaiyin.png", score:" VS ", date: "Mar 7", time: "05:00 PM", venue: "EMS Stadium, Kozhikode", link: "https://indian-super-league.github.io/Indian-Super-League/fixtures/matches/26-kbfc-vs-cfc.html" },  
  { weekName: "Sunday", home: "Mumbai City", away: "Delhi", homeLogo: "https://raw.githubusercontent.com/RS-Creation/Indian-Super-League/refs/heads/main/img/club/logo/Mumbai%20City.png", awayLogo: "https://raw.githubusercontent.com/RS-Creation/Indian-Super-League/refs/heads/main/img/club/logo/Delhi.png", score:" VS ", date: "Mar 8", time: "07:30 PM", venue: "Mumbai Football Arena, Mumbai", link: "https://indian-super-league.github.io/Indian-Super-League/fixtures/matches/27-mcfc-vs-scd.html" },  
  { weekName: "Monday", home: "Punjab", away: "North East", homeLogo: "https://raw.githubusercontent.com/RS-Creation/Indian-Super-League/refs/heads/main/img/club/logo/Punjab.png", awayLogo: "https://raw.githubusercontent.com/RS-Creation/Indian-Super-League/refs/heads/main/img/club/logo/North%20East%20United.png", score:" VS ", date: "Mar 9", time: "07:30 PM", venue: "JLN Stadium, Delhi", link: "https://indian-super-league.github.io/Indian-Super-League/fixtures/matches/28-pfc-vs-neufc.html" },  
  { weekName: "Friday", home: "Chennaiyin", away: "Mohammedan", homeLogo: "https://raw.githubusercontent.com/RS-Creation/Indian-Super-League/refs/heads/main/img/club/logo/Chennaiyin.png", awayLogo: "https://raw.githubusercontent.com/RS-Creation/Indian-Super-League/refs/heads/main/img/club/logo/Mohammedan.png", score:" VS ", date: "Mar 13", time: "05:00 PM", venue: "JLN Stadium, Chennai", link: "https://indian-super-league.github.io/Indian-Super-League/fixtures/matches/29-cfc-vs-msc.html" },  
  { weekName: "Friday", home: "Delhi", away: "Odisha", homeLogo: "https://raw.githubusercontent.com/RS-Creation/Indian-Super-League/refs/heads/main/img/club/logo/Delhi.png", awayLogo: "https://raw.githubusercontent.com/RS-Creation/Indian-Super-League/refs/heads/main/img/club/logo/Odisha.png", score:" VS ", date: "Mar 13", time: "07:30 PM", venue: "JLN Stadium, Delhi", link: "https://indian-super-league.github.io/Indian-Super-League/fixtures/matches/30-scd-vs-ofc.html" },  
  { weekName: "Saturday", home: "East Bengal", away: "Kerala Blasters", homeLogo: "https://raw.githubusercontent.com/RS-Creation/Indian-Super-League/refs/heads/main/img/club/logo/East%20Bengal.png", awayLogo: "https://raw.githubusercontent.com/RS-Creation/Indian-Super-League/refs/heads/main/img/club/logo/Kerala%20Blasters.png", score:" VS ", date: "Mar 14", time: "05:00 PM", venue: "VYBK Stadium, Kolkata", link: "https://indian-super-league.github.io/Indian-Super-League/fixtures/matches/31-ebfc-vs-kbfc.html" },  
  { weekName: "Saturday", home: "Bengaluru", away: "Mohun Bagan", homeLogo: "https://raw.githubusercontent.com/RS-Creation/Indian-Super-League/refs/heads/main/img/club/logo/Bengaluru.png", awayLogo: "https://raw.githubusercontent.com/RS-Creation/Indian-Super-League/refs/heads/main/img/club/logo/Mohun%20Bagan.png", score:" VS ", date: "Mar 14", time: "07:30 PM", venue: "Sree Kanteerava Stadium, Bengaluru", link: "https://indian-super-league.github.io/Indian-Super-League/fixtures/matches/32-bfc-vs-mbsg.html" },  
  { weekName: "Sunday", home: "North East", away: "Jamshedpur", homeLogo: "https://raw.githubusercontent.com/RS-Creation/Indian-Super-League/refs/heads/main/img/club/logo/North%20East%20United.png", awayLogo: "https://raw.githubusercontent.com/RS-Creation/Indian-Super-League/refs/heads/main/img/club/logo/Jamshedpur.png", score:" VS ", date: "Mar 15", time: "05:00 PM", venue: "IG Athletic Stadium, Guwahati", link: "https://indian-super-league.github.io/Indian-Super-League/fixtures/matches/33-neufc-vs-jfc.html" },  
  { weekName: "Sunday", home: "Inter Kashi", away: "Mumbai City", homeLogo: "https://raw.githubusercontent.com/RS-Creation/Indian-Super-League/refs/heads/main/img/club/logo/Inter%20Kashi.png", awayLogo: "https://raw.githubusercontent.com/RS-Creation/Indian-Super-League/refs/heads/main/img/club/logo/Mumbai%20City.png", score:" VS ", date: "Mar 15", time: "07:30 PM", venue: "Kalinga Stadium, Bhubaneswar", link: "https://indian-super-league.github.io/Indian-Super-League/fixtures/matches/34-ikfc-vs-mcfc.html" },  
  { weekName: "Tuesday", home: "Punjab", away: "Goa", homeLogo: "https://raw.githubusercontent.com/RS-Creation/Indian-Super-League/refs/heads/main/img/club/logo/Punjab.png", awayLogo: "https://raw.githubusercontent.com/RS-Creation/Indian-Super-League/refs/heads/main/img/club/logo/Goa.png", score:" VS ", date: "Mar 16", time: "07:30 PM", venue: "JLN Stadium, Delhi", link: "https://indian-super-league.github.io/Indian-Super-League/fixtures/matches/35-pfc-vs-gfc.html" },  
  { weekName: "Thursday", home: "Delhi", away: "Jamshedpur", homeLogo: "https://raw.githubusercontent.com/RS-Creation/Indian-Super-League/refs/heads/main/img/club/logo/Delhi.png", awayLogo: "https://raw.githubusercontent.com/RS-Creation/Indian-Super-League/refs/heads/main/img/club/logo/Jamshedpur.png", score:" VS ", date: "Mar 19", time: "07:30 PM", venue: "JLN Stadium, Delhi", link: "https://indian-super-league.github.io/Indian-Super-League/fixtures/matches/36-scd-vs-jfc.html" },  
  { weekName: "Friday", home: "North East", away: "Odisha", homeLogo: "https://raw.githubusercontent.com/RS-Creation/Indian-Super-League/refs/heads/main/img/club/logo/North%20East%20United.png", awayLogo: "https://raw.githubusercontent.com/RS-Creation/Indian-Super-League/refs/heads/main/img/club/logo/Odisha.png", score:" VS ", date: "Mar 20", time: "05:00 PM", venue: "IG Athletic Stadium, Guwahati", link: "https://indian-super-league.github.io/Indian-Super-League/fixtures/matches/37-neufc-vs-ofc.html" },  
  { weekName: "Friday", home: "Mohun Bagan", away: "Mumbai City", homeLogo: "https://raw.githubusercontent.com/RS-Creation/Indian-Super-League/refs/heads/main/img/club/logo/Mohun%20Bagan.png", awayLogo: "https://raw.githubusercontent.com/RS-Creation/Indian-Super-League/refs/heads/main/img/club/logo/Mumbai%20City.png", score:" VS ", date: "Mar 20", time: "07:30 PM", venue: "VYBK Stadium, Kolkata", link: "https://indian-super-league.github.io/Indian-Super-League/fixtures/matches/38-mbsg-vs-mcfc.html" },  
  { weekName: "Saturday", home: "Mohammedan", away: "East Bengal", homeLogo: "https://raw.githubusercontent.com/RS-Creation/Indian-Super-League/refs/heads/main/img/club/logo/Mohammedan.png", awayLogo: "https://raw.githubusercontent.com/RS-Creation/Indian-Super-League/refs/heads/main/img/club/logo/East%20Bengal.png", score:" VS ", date: "Mar 21", time: "05:00 PM", venue: "JRD TATA Complex, Jamshedpur", link: "https://indian-super-league.github.io/Indian-Super-League/fixtures/matches/39-msc-vs-ebfc.html" },  
  { weekName: "Saturday", home: "Kerala Blasters", away: "Punjab", homeLogo: "https://raw.githubusercontent.com/RS-Creation/Indian-Super-League/refs/heads/main/img/club/logo/Kerala%20Blasters.png", awayLogo: "https://raw.githubusercontent.com/RS-Creation/Indian-Super-League/refs/heads/main/img/club/logo/Punjab.png", score:" VS ", date: "Mar 21", time: "07:30 PM", venue: "EMS Stadium, Kozhikode", link: "https://indian-super-league.github.io/Indian-Super-League/fixtures/matches/40-kbfc-vs-pfc.html" },  
  {weekName:"Sunday",home:"Chennaiyin",away:"Goa",homeLogo:"https://raw.githubusercontent.com/RS-Creation/Indian-Super-League/refs/heads/main/img/club/logo/Chennaiyin.png",awayLogo:"https://raw.githubusercontent.com/RS-Creation/Indian-Super-League/refs/heads/main/img/club/logo/Goa.png",score:" VS ",date:"Mar 22",time:"05:00 PM",venue:"JLN Stadium, Chennai",link: "https://indian-super-league.github.io/Indian-Super-League/fixtures/matches/41-cfc-vs-gfc.html"},  
  {weekName:"Sunday",home:"Inter Kashi",away:"Bengaluru",homeLogo:"https://raw.githubusercontent.com/RS-Creation/Indian-Super-League/refs/heads/main/img/club/logo/Inter%20Kashi.png",awayLogo:"https://raw.githubusercontent.com/RS-Creation/Indian-Super-League/refs/heads/main/img/club/logo/Bengaluru.png",score:" VS ",date:"Mar 22",time:"07:30 PM",venue:"Kalinga Stadium, Bhubaneswar",link: "https://indian-super-league.github.io/Indian-Super-League/fixtures/matches/42-ikfc-vs-bfc.html"},  
  {weekName:"Friday",home:"Punjab",away:"Mohammedan",homeLogo:"https://raw.githubusercontent.com/RS-Creation/Indian-Super-League/refs/heads/main/img/club/logo/Punjab.png",awayLogo:"https://raw.githubusercontent.com/RS-Creation/Indian-Super-League/refs/heads/main/img/club/logo/Mohammedan.png",score:" VS ",date:"Apr 3",time:"07:30 PM",venue:"JLN Stadium, Delhi",link: "https://indian-super-league.github.io/Indian-Super-League/fixtures/matches/43-pfc-vs-msc.html"},  
  {weekName:"Saturday",home:"Jamshedpur",away:"Mohun Bagan",homeLogo:"https://raw.githubusercontent.com/RS-Creation/Indian-Super-League/refs/heads/main/img/club/logo/Jamshedpur.png",awayLogo:"https://raw.githubusercontent.com/RS-Creation/Indian-Super-League/refs/heads/main/img/club/logo/Mohun%20Bagan.png",score:" VS ",date:"Apr 4",time:"05:00 PM",venue:"JRD TATA Complex, Jamshedpur",link: "https://indian-super-league.github.io/Indian-Super-League/fixtures/matches/44-jfc-vs-mbsg.html"},  
  {weekName:"Saturday",home:"Goa",away:"Bengaluru",homeLogo:"https://raw.githubusercontent.com/RS-Creation/Indian-Super-League/refs/heads/main/img/club/logo/Goa.png",awayLogo:"https://raw.githubusercontent.com/RS-Creation/Indian-Super-League/refs/heads/main/img/club/logo/Bengaluru.png",score:" VS ",date:"Apr 4",time:"07:30 PM",venue:"PJN Stadium, Fatorda",link: "https://indian-super-league.github.io/Indian-Super-League/fixtures/matches/45-gfc-vs-bfc.html"},  
  {weekName:"Sunday",home:"Delhi",away:"Kerala Blasters",homeLogo:"https://raw.githubusercontent.com/RS-Creation/Indian-Super-League/refs/heads/main/img/club/logo/Delhi.png",awayLogo:"https://raw.githubusercontent.com/RS-Creation/Indian-Super-League/refs/heads/main/img/club/logo/Kerala%20Blasters.png",score:" VS ",date:"Apr 5",time:"05:00 PM",venue:"JLN Stadium, Delhi",link: "https://indian-super-league.github.io/Indian-Super-League/fixtures/matches/46-scd-vs-kbfc.html"},  
  {weekName:"Sunday",home:"Mumbai City",away:"Odisha",homeLogo:"https://raw.githubusercontent.com/RS-Creation/Indian-Super-League/refs/heads/main/img/club/logo/Mumbai%20City.png",awayLogo:"https://raw.githubusercontent.com/RS-Creation/Indian-Super-League/refs/heads/main/img/club/logo/Odisha.png",score:" VS ",date:"Apr 5",time:"07:30 PM",venue:"Mumbai Football Arena, Mumbai",link: "https://indian-super-league.github.io/Indian-Super-League/fixtures/matches/47-mcfc-vs-ofc.html"},  
  {weekName:"Tuesday",home:"Chennaiyin",away:"Inter Kashi",homeLogo:"https://raw.githubusercontent.com/RS-Creation/Indian-Super-League/refs/heads/main/img/club/logo/Chennaiyin.png",awayLogo:"https://raw.githubusercontent.com/RS-Creation/Indian-Super-League/refs/heads/main/img/club/logo/Inter%20Kashi.png",score:" VS ",date:"Apr 7",time:"07:30 PM",venue:"JLN Stadium, Chennai",link: "https://indian-super-league.github.io/Indian-Super-League/fixtures/matches/48-cfc-vs-ikfc.html"},  
  {weekName:"Thursday",home:"Jamshedpur",away:"Mumbai City",homeLogo:"https://raw.githubusercontent.com/RS-Creation/Indian-Super-League/refs/heads/main/img/club/logo/Jamshedpur.png",awayLogo:"https://raw.githubusercontent.com/RS-Creation/Indian-Super-League/refs/heads/main/img/club/logo/Mumbai%20City.png",score:" VS ",date:"Apr 9",time:"07:30 PM",venue:"JRD TATA Complex, Jamshedpur",link: "https://indian-super-league.github.io/Indian-Super-League/fixtures/matches/49-jfc-vs-mcfc.html"},  
  {weekName:"Friday",home:"North East",away:"Delhi",homeLogo:"https://raw.githubusercontent.com/RS-Creation/Indian-Super-League/refs/heads/main/img/club/logo/North%20East%20United.png",awayLogo:"https://raw.githubusercontent.com/RS-Creation/Indian-Super-League/refs/heads/main/img/club/logo/Delhi.png",score:" VS ",date:"Apr 10",time:"05:00 PM",venue:"IG Athletic Stadium, Guwahati",link: "https://indian-super-league.github.io/Indian-Super-League/fixtures/matches/50-neufc-vs-scd.html"},  
  {weekName:"Friday",home:"Goa",away:"Odisha",homeLogo:"https://raw.githubusercontent.com/RS-Creation/Indian-Super-League/refs/heads/main/img/club/logo/Goa.png",awayLogo:"https://raw.githubusercontent.com/RS-Creation/Indian-Super-League/refs/heads/main/img/club/logo/Odisha.png",score:" VS ",date:"Apr 10",time:"07:30 PM",venue:"PJN Stadium, Fatorda",link: "https://indian-super-league.github.io/Indian-Super-League/fixtures/matches/51-gfc-vs-ofc.html"},  
  {weekName:"Saturday",home:"Chennaiyin",away:"East Bengal",homeLogo:"https://raw.githubusercontent.com/RS-Creation/Indian-Super-League/refs/heads/main/img/club/logo/Chennaiyin.png",awayLogo:"https://raw.githubusercontent.com/RS-Creation/Indian-Super-League/refs/heads/main/img/club/logo/East%20Bengal.png",score:" VS ",date:"Apr 11",time:"05:00 PM",venue:"JLN Stadium, Chennai",link: "https://indian-super-league.github.io/Indian-Super-League/fixtures/matches/52-cfc-vs-ebfc.html"},  
  {weekName:"Saturday",home:"Bengaluru",away:"Kerala Blasters",homeLogo:"https://raw.githubusercontent.com/RS-Creation/Indian-Super-League/refs/heads/main/img/club/logo/Bengaluru.png",awayLogo:"https://raw.githubusercontent.com/RS-Creation/Indian-Super-League/refs/heads/main/img/club/logo/Kerala%20Blasters.png",score:" VS ",date:"Apr 11",time:"07:30 PM",venue:"Sree Kanteerava Stadium, Bengaluru",link: "https://indian-super-league.github.io/Indian-Super-League/fixtures/matches/53-bfc-vs-kbfc.html"},  
  {weekName:"Sunday",home:"Inter Kashi",away:"Mohammedan",homeLogo:"https://raw.githubusercontent.com/RS-Creation/Indian-Super-League/refs/heads/main/img/club/logo/Inter%20Kashi.png",awayLogo:"https://raw.githubusercontent.com/RS-Creation/Indian-Super-League/refs/heads/main/img/club/logo/Mohammedan.png",score:" VS ",date:"Apr 12",time:"05:00 PM",venue:"Kalinga Stadium, Bhubaneswar",link: "https://indian-super-league.github.io/Indian-Super-League/fixtures/matches/54-ikfc-vs-msc.html"},  
  {weekName:"Sunday",home:"Mohun Bagan",away:"Punjab",homeLogo:"https://raw.githubusercontent.com/RS-Creation/Indian-Super-League/refs/heads/main/img/club/logo/Mohun%20Bagan.png",awayLogo:"https://raw.githubusercontent.com/RS-Creation/Indian-Super-League/refs/heads/main/img/club/logo/Punjab.png",score:" VS ",date:"Apr 12",time:"07:30 PM",venue:"VYBK Stadium, Kolkata",link: "https://indian-super-league.github.io/Indian-Super-League/fixtures/matches/55-mbsg-vs-pfc.html"},  
  {weekName:"Wednesday",home:"Kerala Blasters",away:"North East United",homeLogo:"https://raw.githubusercontent.com/RS-Creation/Indian-Super-League/refs/heads/main/img/club/logo/Kerala%20Blasters.png",awayLogo:"https://raw.githubusercontent.com/RS-Creation/Indian-Super-League/refs/heads/main/img/club/logo/North%20East%20United.png",score:" VS ",date:"Apr 15",time:"07:30 PM",venue:"EMS Stadium, Kozhikode",link: "https://indian-super-league.github.io/Indian-Super-League/fixtures/matches/56-kbfc-vs-neufc.html"},  
  {weekName:"Thursday",home:"East Bengal",away:"Bengaluru",homeLogo:"https://raw.githubusercontent.com/RS-Creation/Indian-Super-League/refs/heads/main/img/club/logo/East%20Bengal.png",awayLogo:"https://raw.githubusercontent.com/RS-Creation/Indian-Super-League/refs/heads/main/img/club/logo/Bengaluru.png",score:" VS ",date:"Apr 16",time:"07:30 PM",venue:"VYBK Stadium, Kolkata",link: "https://indian-super-league.github.io/Indian-Super-League/fixtures/matches/57-ebfc-vs-bfc.html"},  
  {weekName:"Friday",home:"Chennaiyin",away:"Delhi",homeLogo:"https://raw.githubusercontent.com/RS-Creation/Indian-Super-League/refs/heads/main/img/club/logo/Chennaiyin.png",awayLogo:"https://raw.githubusercontent.com/RS-Creation/Indian-Super-League/refs/heads/main/img/club/logo/Delhi.png",score:" VS ",date:"Apr 17",time:"05:00 PM",venue:"JLN Stadium, Chennai",link: "https://indian-super-league.github.io/Indian-Super-League/fixtures/matches/58-cfc-vs-scd.html"},  
  {weekName:"Friday",home:"Odisha",away:"Mohammedan",homeLogo:"https://raw.githubusercontent.com/RS-Creation/Indian-Super-League/refs/heads/main/img/club/logo/Odisha.png",awayLogo:"https://raw.githubusercontent.com/RS-Creation/Indian-Super-League/refs/heads/main/img/club/logo/Mohammedan.png",score:" VS ",date:"Apr 17",time:"07:30 PM",venue:"Kalinga Stadium, Bhubaneswar",link: "https://indian-super-league.github.io/Indian-Super-League/fixtures/matches/59-ofc-vs-msc.html"},  
  {weekName:"Saturday",home:"Kerala Blasters",away:"Jamshedpur",homeLogo:"https://raw.githubusercontent.com/RS-Creation/Indian-Super-League/refs/heads/main/img/club/logo/Kerala%20Blasters.png",awayLogo:"https://raw.githubusercontent.com/RS-Creation/Indian-Super-League/refs/heads/main/img/club/logo/Jamshedpur.png",score:" VS ",date:"Apr 18",time:"05:00 PM",venue:"EMS Stadium, Kozhikode",link: "https://indian-super-league.github.io/Indian-Super-League/fixtures/matches/60-kbfc-vs-jfc.html"},  
  { weekName:"Saturday", home:"Goa", away:"Mumbai City", homeLogo:"https://raw.githubusercontent.com/RS-Creation/Indian-Super-League/refs/heads/main/img/club/logo/Goa.png", awayLogo:"https://raw.githubusercontent.com/RS-Creation/Indian-Super-League/refs/heads/main/img/club/logo/Mumbai%20City.png", score:" VS ", date:"Apr 18", time:"07:30 PM", venue:"PJN Stadium, Fatorda", link: "https://indian-super-league.github.io/Indian-Super-League/fixtures/matches/61-gfc-vs-mcfc.html" },  
  { weekName:"Sunday", home:"North East", away:"Mohun Bagan", homeLogo:"https://raw.githubusercontent.com/RS-Creation/Indian-Super-League/refs/heads/main/img/club/logo/North%20East%20United.png", awayLogo:"https://raw.githubusercontent.com/RS-Creation/Indian-Super-League/refs/heads/main/img/club/logo/Mohun%20Bagan.png", score:" VS ", date:"Apr 19", time:"07:30 PM", venue:"IG Athletic Stadium, Guwahati", link: "https://indian-super-league.github.io/Indian-Super-League/fixtures/matches/62-neufc-vs-mbsg.html" },  
  { weekName:"Monday", home:"Punjab", away:"Inter Kashi", homeLogo:"https://raw.githubusercontent.com/RS-Creation/Indian-Super-League/refs/heads/main/img/club/logo/Punjab.png", awayLogo:"https://raw.githubusercontent.com/RS-Creation/Indian-Super-League/refs/heads/main/img/club/logo/Inter%20Kashi.png", score:" VS ", date:"Apr 20", time:"07:30 PM", venue:"JLN Stadium, Delhi", link: "https://indian-super-league.github.io/Indian-Super-League/fixtures/matches/63-pfc-vs-ikfc.html" },  
  { weekName:"Thursday", home:"Kerala Blasters", away:"Odisha", homeLogo:"https://raw.githubusercontent.com/RS-Creation/Indian-Super-League/refs/heads/main/img/club/logo/Kerala%20Blasters.png", awayLogo:"https://raw.githubusercontent.com/RS-Creation/Indian-Super-League/refs/heads/main/img/club/logo/Odisha.png", score:" VS ", date:"Apr 23", time:"07:30 PM", venue:"EMS Stadium, Kozhikode", link: "https://indian-super-league.github.io/Indian-Super-League/fixtures/matches/64-kbfc-vs-ofc.html" },  
  { weekName:"Friday", home:"North East", away:"Goa", homeLogo:"https://raw.githubusercontent.com/RS-Creation/Indian-Super-League/refs/heads/main/img/club/logo/North%20East%20United.png", awayLogo:"https://raw.githubusercontent.com/RS-Creation/Indian-Super-League/refs/heads/main/img/club/logo/Goa.png", score:" VS ", date:"Apr 24", time:"05:00 PM", venue:"IG Athletic Stadium, Guwahati", link: "https://indian-super-league.github.io/Indian-Super-League/fixtures/matches/65-neufc-vs-gfc.html" },  
  { weekName:"Friday", home:"East Bengal", away:"Punjab", homeLogo:"https://raw.githubusercontent.com/RS-Creation/Indian-Super-League/refs/heads/main/img/club/logo/East%20Bengal.png", awayLogo:"https://raw.githubusercontent.com/RS-Creation/Indian-Super-League/refs/heads/main/img/club/logo/Punjab.png", score:" VS ", date:"Apr 24", time:"07:30 PM", venue:"VYBK Stadium, Kolkata", link: "https://indian-super-league.github.io/Indian-Super-League/fixtures/matches/66-ebfc-vs-pfc.html" },  
  { weekName:"Saturday", home:"Bengaluru", away:"Mumbai City", homeLogo:"https://raw.githubusercontent.com/RS-Creation/Indian-Super-League/refs/heads/main/img/club/logo/Bengaluru.png", awayLogo:"https://raw.githubusercontent.com/RS-Creation/Indian-Super-League/refs/heads/main/img/club/logo/Mumbai%20City.png", score:" VS ", date:"Apr 25", time:"05:00 PM", venue:"Sree Kanteerava Stadium, Bengaluru", link: "https://indian-super-league.github.io/Indian-Super-League/fixtures/matches/67-bfc-vs-mcfc.html" },  
  { weekName:"Saturday", home:"Jamshedpur", away:"Chennaiyin", homeLogo:"https://raw.githubusercontent.com/RS-Creation/Indian-Super-League/refs/heads/main/img/club/logo/Jamshedpur.png", awayLogo:"https://raw.githubusercontent.com/RS-Creation/Indian-Super-League/refs/heads/main/img/club/logo/Chennaiyin.png", score:" VS ", date:"Apr 25", time:"07:30 PM", venue:"JRD TATA Complex, Jamshedpur", link: "https://indian-super-league.github.io/Indian-Super-League/fixtures/matches/68-jfc-vs-cfc.html" },  
  { weekName:"Sunday", home:"Delhi", away:"Mohammedan", homeLogo:"https://raw.githubusercontent.com/RS-Creation/Indian-Super-League/refs/heads/main/img/club/logo/Delhi.png", awayLogo:"https://raw.githubusercontent.com/RS-Creation/Indian-Super-League/refs/heads/main/img/club/logo/Mohammedan.png", score:" VS ", date:"Apr 26", time:"05:00 PM", venue:"JLN Stadium, Delhi", link: "https://indian-super-league.github.io/Indian-Super-League/fixtures/matches/69-scd-vs-msc.html" },  
  { weekName:"Sunday", home:"Mohun Bagan", away:"Inter Kashi", homeLogo:"https://raw.githubusercontent.com/RS-Creation/Indian-Super-League/refs/heads/main/img/club/logo/Mohun%20Bagan.png", awayLogo:"https://raw.githubusercontent.com/RS-Creation/Indian-Super-League/refs/heads/main/img/club/logo/Inter%20Kashi.png", score:" VS ", date:"Apr 26", time:"07:30 PM", venue:"VYBK Stadium, Kolkata", link: "https://indian-super-league.github.io/Indian-Super-League/fixtures/matches/70-mbsg-vs-ikfc.html" },  
  { weekName:"Tuesday", home:"East Bengal", away:"Odisha", homeLogo:"https://raw.githubusercontent.com/RS-Creation/Indian-Super-League/refs/heads/main/img/club/logo/East%20Bengal.png", awayLogo:"https://raw.githubusercontent.com/RS-Creation/Indian-Super-League/refs/heads/main/img/club/logo/Odisha.png", score:" VS ", date:"Apr 28", time:"07:30 PM", venue:"VYBK Stadium, Kolkata", link: "https://indian-super-league.github.io/Indian-Super-League/fixtures/matches/71-ebfc-vs-ofc.html" },  
  { weekName:"Friday", home:"Jamshedpur", away:"Goa", homeLogo:"https://raw.githubusercontent.com/RS-Creation/Indian-Super-League/refs/heads/main/img/club/logo/Jamshedpur.png", awayLogo:"https://raw.githubusercontent.com/RS-Creation/Indian-Super-League/refs/heads/main/img/club/logo/Goa.png", score:" VS ", date:"May 1", time:"07:30 PM", venue:"JRD TATA Complex, Jamshedpur", link: "https://indian-super-league.github.io/Indian-Super-League/fixtures/matches/72-jfc-vs-gfc.html" },  
  { weekName:"Saturday", home:"Inter Kashi", away:"North East", homeLogo:"https://raw.githubusercontent.com/RS-Creation/Indian-Super-League/refs/heads/main/img/club/logo/Inter%20Kashi.png", awayLogo:"https://raw.githubusercontent.com/RS-Creation/Indian-Super-League/refs/heads/main/img/club/logo/North%20East%20United.png", score:" VS ", date:"May 2", time:"05:00 PM", venue:"Kalinga Stadium, Bhubaneswar", link: "https://indian-super-league.github.io/Indian-Super-League/fixtures/matches/73-ikfc-vs-neufc.html" },  
  { weekName:"Saturday", home:"Delhi", away:"Punjab", homeLogo:"https://raw.githubusercontent.com/RS-Creation/Indian-Super-League/refs/heads/main/img/club/logo/Delhi.png", awayLogo:"https://raw.githubusercontent.com/RS-Creation/Indian-Super-League/refs/heads/main/img/club/logo/Punjab.png", score:" VS ", date:"May 2", time:"07:30 PM", venue:"JLN Stadium, Delhi", link: "https://indian-super-league.github.io/Indian-Super-League/fixtures/matches/74-scd-vs-pfc.html" },  
  { weekName:"Sunday", home:"Mohammedan", away:"Mumbai City", homeLogo:"https://raw.githubusercontent.com/RS-Creation/Indian-Super-League/refs/heads/main/img/club/logo/Mohammedan.png", awayLogo:"https://raw.githubusercontent.com/RS-Creation/Indian-Super-League/refs/heads/main/img/club/logo/Mumbai%20City.png", score:" VS ", date:"May 3", time:"05:00 PM", venue:"JRD TATA Complex, Jamshedpur", link: "https://indian-super-league.github.io/Indian-Super-League/fixtures/matches/75-msc-vs-mcfc.html" },  
  { weekName:"Sunday", home:"Mohun Bagan", away:"East Bengal", homeLogo:"https://raw.githubusercontent.com/RS-Creation/Indian-Super-League/refs/heads/main/img/club/logo/Mohun%20Bagan.png", awayLogo:"https://raw.githubusercontent.com/RS-Creation/Indian-Super-League/refs/heads/main/img/club/logo/East%20Bengal.png", score:" VS ", date:"May 3", time:"07:30 PM", venue:"VYBK Stadium, Kolkata", link: "https://indian-super-league.github.io/Indian-Super-League/fixtures/matches/76-mbsg-vs-ebfc.html" },  
  { weekName:"Monday", home:"Odisha", away:"Bengaluru", homeLogo:"https://raw.githubusercontent.com/RS-Creation/Indian-Super-League/refs/heads/main/img/club/logo/Odisha.png", awayLogo:"https://raw.githubusercontent.com/RS-Creation/Indian-Super-League/refs/heads/main/img/club/logo/Bengaluru.png", score:" VS ", date:"May 4", time:"07:30 PM", venue:"Kalinga Stadium, Bhubaneswar", link: "https://indian-super-league.github.io/Indian-Super-League/fixtures/matches/77-ofc-vs-bfc.html" },  
  { weekName:"Wednesday", home:"Punjab", away:"Chennaiyin", homeLogo:"https://raw.githubusercontent.com/RS-Creation/Indian-Super-League/refs/heads/main/img/club/logo/Punjab.png", awayLogo:"https://raw.githubusercontent.com/RS-Creation/Indian-Super-League/refs/heads/main/img/club/logo/Chennaiyin.png", score:" VS ", date:"May 6", time:"07:30 PM", venue:"JLN Stadium, Delhi", link: "https://indian-super-league.github.io/Indian-Super-League/fixtures/matches/78-pfc-vs-cfc.html" },  
  { weekName:"Friday", home:"Mumbai City", away:"East Bengal", homeLogo:"https://raw.githubusercontent.com/RS-Creation/Indian-Super-League/refs/heads/main/img/club/logo/Mumbai%20City.png", awayLogo:"https://raw.githubusercontent.com/RS-Creation/Indian-Super-League/refs/heads/main/img/club/logo/East%20Bengal.png", score:" VS ", date:"May 8", time:"07:30 PM", venue:"Mumbai Football Arena, Mumbai", link: "https://indian-super-league.github.io/Indian-Super-League/fixtures/matches/79-mcfc-vs-ebfc.html" },  
  { weekName:"Saturday", home:"Goa", away:"Mohun Bagan", homeLogo:"https://raw.githubusercontent.com/RS-Creation/Indian-Super-League/refs/heads/main/img/club/logo/Goa.png", awayLogo:"https://raw.githubusercontent.com/RS-Creation/Indian-Super-League/refs/heads/main/img/club/logo/Mohun%20Bagan.png", score:" VS ", date:"May 9", time:"05:00 PM", venue:"PJN Stadium, Fatorda", link: "https://indian-super-league.github.io/Indian-Super-League/fixtures/matches/80-gfc-vs-mbsg.html" },  
  { weekName:"Saturday", home:"Jamshedpur", away:"Bengaluru", homeLogo:"https://raw.githubusercontent.com/RS-Creation/Indian-Super-League/refs/heads/main/img/club/logo/Jamshedpur.png", awayLogo:"https://raw.githubusercontent.com/RS-Creation/Indian-Super-League/refs/heads/main/img/club/logo/Bengaluru.png", score:" VS ", date:"May 9", time:"07:30 PM", venue:"JRD TATA Complex, Jamshedpur", link: "https://indian-super-league.github.io/Indian-Super-League/fixtures/matches/81-jfc-vs-bfc.html" },  
  { weekName:"Sunday", home:"Kerala Blasters", away:"Mohammedan", homeLogo:"https://raw.githubusercontent.com/RS-Creation/Indian-Super-League/refs/heads/main/img/club/logo/Kerala%20Blasters.png", awayLogo:"https://raw.githubusercontent.com/RS-Creation/Indian-Super-League/refs/heads/main/img/club/logo/Mohammedan.png", score:" VS ", date:"May 10", time:"05:00 PM", venue:"EMS Stadium, Kozhikode", link: "https://indian-super-league.github.io/Indian-Super-League/fixtures/matches/82-kbfc-vs-msc.html" },  
  { weekName:"Sunday", home:"North East", away:"Chennaiyin", homeLogo:"https://raw.githubusercontent.com/RS-Creation/Indian-Super-League/refs/heads/main/img/club/logo/North%20East%20United.png", awayLogo:"https://raw.githubusercontent.com/RS-Creation/Indian-Super-League/refs/heads/main/img/club/logo/Chennaiyin.png", score:" VS ", date:"May 10", time:"07:30 PM", venue:"IG Athletic Stadium, Guwahati", link: "https://indian-super-league.github.io/Indian-Super-League/fixtures/matches/83-neufc-vs-cfc.html" },  
  { weekName:"Monday", home:"Delhi", away:"Inter Kashi", homeLogo:"https://raw.githubusercontent.com/RS-Creation/Indian-Super-League/refs/heads/main/img/club/logo/Delhi.png", awayLogo:"https://raw.githubusercontent.com/RS-Creation/Indian-Super-League/refs/heads/main/img/club/logo/Inter%20Kashi.png", score:" VS ", date:"May 11", time:"07:30 PM", venue:"JLN Stadium, Delhi", link: "https://indian-super-league.github.io/Indian-Super-League/fixtures/matches/84-scd-vs-ikfc.html" },  
  { weekName:"Sunday", home:"Inter Kashi", away:"East Bengal", homeLogo:"https://raw.githubusercontent.com/RS-Creation/Indian-Super-League/refs/heads/main/img/club/logo/Inter%20Kashi.png", awayLogo:"https://raw.githubusercontent.com/RS-Creation/Indian-Super-League/refs/heads/main/img/club/logo/East%20Bengal.png", score:" VS ", date:"May 17", time:"TBD", venue:"Kalinga Stadium, Bhubaneswar", link: "https://indian-super-league.github.io/Indian-Super-League/fixtures/matches/85-ikfc-vs-ebfc.html" },  
  { weekName:"Sunday", home:"Kerala Blasters", away:"Goa", homeLogo:"https://raw.githubusercontent.com/RS-Creation/Indian-Super-League/refs/heads/main/img/club/logo/Kerala%20Blasters.png", awayLogo:"https://raw.githubusercontent.com/RS-Creation/Indian-Super-League/refs/heads/main/img/club/logo/Goa.png", score:" VS ", date:"May 17", time:"TBD", venue:"EMS Stadium, Kozhikode", link: "https://indian-super-league.github.io/Indian-Super-League/fixtures/matches/86-kbfc-vs-gfc.html" },  
  { weekName:"Sunday", home:"Jamshedpur", away:"Odisha", homeLogo:"https://raw.githubusercontent.com/RS-Creation/Indian-Super-League/refs/heads/main/img/club/logo/Jamshedpur.png", awayLogo:"https://raw.githubusercontent.com/RS-Creation/Indian-Super-League/refs/heads/main/img/club/logo/Odisha.png", score:" VS ", date:"May 17", time:"TBD", venue:"JRD TATA Complex, Jamshedpur", link: "https://indian-super-league.github.io/Indian-Super-League/fixtures/matches/87-jfc-vs-ofc.html" },  
  { weekName:"Sunday", home:"Punjab", away:"Mumbai City", homeLogo:"https://raw.githubusercontent.com/RS-Creation/Indian-Super-League/refs/heads/main/img/club/logo/Punjab.png", awayLogo:"https://raw.githubusercontent.com/RS-Creation/Indian-Super-League/refs/heads/main/img/club/logo/Mumbai%20City.png", score:" VS ", date:"May 17", time:"TBD", venue:"JLN Stadium, Delhi", link: "https://indian-super-league.github.io/Indian-Super-League/fixtures/matches/88-pfc-vs-mcfc.html" },  
  { weekName:"Sunday", home:"Mohun Bagan", away:"Delhi", homeLogo:"https://raw.githubusercontent.com/RS-Creation/Indian-Super-League/refs/heads/main/img/club/logo/Mohun%20Bagan.png", awayLogo:"https://raw.githubusercontent.com/RS-Creation/Indian-Super-League/refs/heads/main/img/club/logo/Delhi.png", score:" VS ", date:"May 17", time:"TBD", venue:"VYBK Stadium, Kolkata", link: "https://indian-super-league.github.io/Indian-Super-League/fixtures/matches/89-mbsg-vs-scd.html" },  
  { weekName:"Sunday", home:"North East", away:"Mohammedan", homeLogo:"https://raw.githubusercontent.com/RS-Creation/Indian-Super-League/refs/heads/main/img/club/logo/North%20East%20United.png", awayLogo:"https://raw.githubusercontent.com/RS-Creation/Indian-Super-League/refs/heads/main/img/club/logo/Mohammedan.png", score:" VS ", date:"May 17", time:"TBD", venue:"IG Athletic Stadium, Guwahati", link: "https://indian-super-league.github.io/Indian-Super-League/fixtures/matches/90-neufc-vs-msc.html" },  
  { weekName:"Sunday", home:"Chennaiyin", away:"Bengaluru", homeLogo:"https://raw.githubusercontent.com/RS-Creation/Indian-Super-League/refs/heads/main/img/club/logo/Chennaiyin.png", awayLogo:"https://raw.githubusercontent.com/RS-Creation/Indian-Super-League/refs/heads/main/img/club/logo/Bengaluru.png", score:" VS ", date:"May 17", time:"TBD", venue:"JLN Stadium, Chennai", link: "https://indian-super-league.github.io/Indian-Super-League/fixtures/matches/91-cfc-vs-bfc.html" }  
];  
